source_csv_row,predicted_decision,probability_yes
3,YES,1.0
5,YES,1.0
9,YES,1.0
13,YES,1.0
14,YES,1.0
15,YES,1.0
18,YES,1.0
20,YES,1.0
21,YES,1.0
23,YES,1.0
24,NO,0.0
28,YES,1.0
31,YES,1.0
33,YES,1.0
38,YES,1.0
40,NO,0.0
41,NO,0.0
44,YES,1.0
61,YES,1.0
62,YES,1.0
66,YES,1.0
69,YES,1.0
74,YES,1.0
75,YES,1.0
76,YES,1.0
83,YES,1.0
85,YES,1.0
86,YES,1.0
87,YES,1.0
88,YES,1.0
92,YES,1.0
94,YES,1.0
95,YES,1.0
96,YES,1.0
101,YES,1.0
104,YES,1.0
105,YES,1.0
107,YES,1.0
118,YES,1.0
129,NO,0.0
136,YES,1.0
138,YES,1.0
142,YES,1.0
146,YES,1.0
149,YES,1.0
152,YES,1.0
157,NO,0.0
200,YES,1.0
201,YES,1.0
202,YES,1.0
205,YES,1.0
214,YES,1.0
216,YES,1.0
218,YES,1.0
220,YES,1.0
221,YES,1.0
222,YES,1.0
224,YES,1.0
225,YES,1.0
226,YES,1.0
227,YES,1.0
230,YES,1.0
233,YES,1.0
236,YES,1.0
238,YES,1.0
239,YES,1.0
240,YES,1.0
241,YES,1.0
243,YES,1.0
244,YES,1.0
245,YES,1.0
251,YES,1.0
253,NO,0.0
254,YES,1.0
266,YES,1.0
267,YES,1.0
268,YES,1.0
270,NO,0.0
271,NO,0.0
274,YES,1.0
278,YES,1.0
280,NO,0.0
281,YES,1.0
282,NO,0.0
285,YES,1.0
288,YES,1.0
292,YES,1.0
293,YES,1.0
294,YES,1.0
298,YES,1.0
299,YES,1.0
324,YES,1.0
325,YES,1.0
329,YES,1.0
335,YES,1.0
336,YES,1.0
338,YES,1.0
339,YES,1.0
340,YES,1.0
341,YES,1.0
346,YES,1.0
347,NO,0.0
349,YES,1.0
350,YES,1.0
351,NO,0.0
353,YES,1.0
355,YES,1.0
356,YES,1.0
357,YES,1.0
359,YES,1.0
361,YES,1.0
362,YES,1.0
366,YES,1.0
371,NO,0.0
372,YES,1.0
373,YES,1.0
374,YES,1.0
384,YES,1.0
388,NO,0.0
389,YES,1.0
392,YES,1.0
393,YES,1.0
395,NO,0.0
400,NO,0.0
401,YES,1.0
402,NO,0.0
410,YES,1.0
411,YES,1.0
418,NO,0.0
421,YES,1.0
422,YES,1.0
444,YES,1.0
455,YES,1.0
456,YES,1.0
457,YES,1.0
462,YES,1.0
466,YES,1.0
468,YES,1.0
476,YES,1.0
477,YES,1.0
481,YES,1.0
499,YES,1.0
502,YES,1.0
503,YES,1.0
506,YES,1.0
508,YES,1.0
509,YES,1.0
510,YES,1.0
511,YES,1.0
512,NO,0.0
513,YES,1.0
514,NO,0.0
515,YES,1.0
517,YES,1.0
518,YES,1.0
522,NO,0.0
524,NO,0.0
526,YES,1.0
529,NO,0.0
530,NO,0.0
531,YES,1.0
532,NO,0.0
533,YES,1.0
534,YES,1.0
535,NO,0.0
536,YES,1.0
538,NO,0.0
539,NO,0.0
541,NO,0.0
542,NO,0.0
544,NO,0.0
548,NO,0.0
549,NO,0.0
550,NO,0.0
553,YES,1.0
554,NO,0.0
558,YES,1.0
578,YES,1.0
580,YES,1.0
586,YES,1.0
591,YES,1.0
597,YES,1.0
598,YES,1.0
600,YES,1.0
602,YES,1.0
603,NO,0.0
604,YES,1.0
605,YES,1.0
610,YES,1.0
613,YES,1.0
616,YES,1.0
620,YES,1.0
622,YES,1.0
628,NO,0.0
629,YES,1.0
630,YES,1.0
631,YES,1.0
636,NO,0.0
637,YES,1.0
640,YES,1.0
645,YES,1.0
646,YES,1.0
647,YES,1.0
648,NO,0.0
649,YES,1.0
650,YES,1.0
652,YES,1.0
653,YES,1.0
655,YES,1.0
656,YES,1.0
658,NO,0.0
659,YES,1.0
660,YES,1.0
661,NO,0.0
662,NO,0.0
663,YES,1.0
666,NO,0.0
668,NO,0.0
669,YES,1.0
670,NO,0.0
671,YES,1.0
672,YES,1.0
673,YES,1.0
675,NO,0.0
679,YES,1.0
682,YES,1.0
684,NO,0.0
702,YES,1.0
